fname,label,Acoustic_guitar,Bass_drum,Cello,Clarinet,Double_bass,Flute,Hi-hat,Saxophone,Snare_drum,Violin_or_fiddle,y_pred
5388d14d.wav,Saxophone,0.29519394040107727,0.0006358511163853109,0.03167100250720978,0.006279885768890381,0.00010163224214920774,0.07102732360363007,0.005460419226437807,0.43329113721847534,0.14002420008182526,0.016314566135406494,Saxophone
c685f05f.wav,Saxophone,0.1796051561832428,0.05873021110892296,0.07029598206281662,0.034343935549259186,0.010543247684836388,0.22851218283176422,0.03236503154039383,0.13353747129440308,0.20360638201236725,0.04846038296818733,Flute
36d20ab5.wav,Saxophone,0.009558289311826229,0.007634961977601051,0.014657639898359776,0.005916985217481852,0.000877576123457402,0.031957004219293594,0.0007795183919370174,0.029334718361496925,0.888549268245697,0.010733925737440586,Snare_drum
d6665734.wav,Saxophone,0.06522694230079651,0.059231169521808624,0.21640034019947052,0.0014106895541772246,0.07333852350711823,0.11719438433647156,0.0020291046239435673,0.1635318398475647,0.2958304286003113,0.005806577857583761,Snare_drum
7352e28f.wav,Saxophone,0.14237719774246216,0.008175362832844257,0.2415427416563034,0.21184685826301575,0.040649425238370895,0.20335198938846588,0.04608715698122978,0.02308058924973011,0.01175248809158802,0.07113625109195709,Cello
8fa096bf.wav,Saxophone,0.024799197912216187,0.04065312445163727,0.4443782567977905,0.015524683520197868,0.13922218978405,0.19652515649795532,0.008765089325606823,0.07328763604164124,0.03494475781917572,0.021899882704019547,Cello
2f9c5f62.wav,Saxophone,0.006265230011194944,0.0102090984582901,0.1320578008890152,0.0004448839754331857,0.02429860271513462,0.5703970193862915,0.0023109368048608303,0.1027960404753685,0.14452926814556122,0.0066911689937114716,Flute
9cd05a2b.wav,Saxophone,0.018201446160674095,0.07331140339374542,0.36407580971717834,0.20681138336658478,0.042871277779340744,0.12005192041397095,0.06014949455857277,0.00789618119597435,0.08168918639421463,0.02494192123413086,Cello
ab465bf9.wav,Saxophone,0.3280203342437744,0.0016721888678148389,0.04752200096845627,0.11629827320575714,0.0013868334935978055,0.2226802408695221,0.0523066483438015,0.12221964448690414,0.010390618816018105,0.09750325977802277,Acoustic_guitar
c40632d7.wav,Saxophone,0.09104479849338531,0.005872112698853016,0.05135035514831543,0.011952643282711506,0.002264234470203519,0.16809703409671783,0.004791010171175003,0.09317521750926971,0.4854683578014374,0.0859842300415039,Snare_drum
3a80061f.wav,Saxophone,0.0648224875330925,0.03950165584683418,0.34089407324790955,0.014484730549156666,0.16310742497444153,0.0880507230758667,0.016432996839284897,0.09511391818523407,0.16887065768241882,0.008721384219825268,Cello
dba6817d.wav,Saxophone,0.04462474212050438,0.11995259672403336,0.07848109304904938,0.003065194468945265,0.03972642123699188,0.215849369764328,0.004782496951520443,0.0963437557220459,0.38335922360420227,0.013815073296427727,Snare_drum
25f26095.wav,Saxophone,0.12421359866857529,0.02743871882557869,0.15381255745887756,0.034580618143081665,0.033925313502550125,0.27750319242477417,0.017145689576864243,0.17358049750328064,0.062336914241313934,0.09546294063329697,Flute
37cebbd4.wav,Saxophone,0.03345966339111328,0.022315945476293564,0.1854061335325241,0.24263422191143036,0.012481064535677433,0.16498488187789917,0.2786169648170471,0.006132268812507391,0.024646269157528877,0.02932261861860752,Hi-hat
f8d96888.wav,Saxophone,0.03578145056962967,0.041200585663318634,0.3882133960723877,0.005457805935293436,0.1675209105014801,0.10421153157949448,0.08774140477180481,0.03796572983264923,0.12858274579048157,0.0033245182130485773,Cello
d94c94f0.wav,Saxophone,0.06382603943347931,0.011440771631896496,0.09007255733013153,0.011673123575747013,0.0018486666958779097,0.20333775877952576,0.003199731931090355,0.06345673650503159,0.5402888655662537,0.010855736210942268,Snare_drum
ec6afeb6.wav,Saxophone,0.06772901862859726,0.009518329054117203,0.1649542599916458,0.125083327293396,0.010898364707827568,0.42542383074760437,0.11367160826921463,0.011348769068717957,0.014233466237783432,0.057139065116643906,Flute
5f0dc8e4.wav,Saxophone,0.02725408598780632,0.4677681028842926,0.21173791587352753,0.003746038768440485,0.008728321641683578,0.1486956626176834,0.010053996928036213,0.0372912660241127,0.07534845173358917,0.00937614031136036,Bass_drum
b8c0a88a.wav,Saxophone,0.018210088834166527,0.0078130466863513,0.6231562495231628,0.009142995811998844,0.24750861525535583,0.029428306967020035,0.002543133217841387,0.005195071920752525,0.055827561765909195,0.0011749595869332552,Cello
96dad435.wav,Saxophone,0.00539072509855032,0.09528796374797821,0.32451748847961426,0.09372912347316742,0.053346697241067886,0.11127795279026031,0.11877714097499847,0.015172048471868038,0.172907292842865,0.009593768045306206,Cello
b120dc90.wav,Saxophone,0.03350087255239487,0.009389389306306839,0.03151790052652359,0.005122982431203127,0.0017206977354362607,0.14708562195301056,0.0011287302477285266,0.0591980442404747,0.6580187082290649,0.0533171072602272,Snare_drum
c1948f24.wav,Saxophone,0.06964907050132751,5.4791842558188364e-05,0.004043834749609232,0.0015048959758132696,4.0071765397442505e-05,0.03354925289750099,0.0011327516986057162,0.7270199656486511,0.14980670809745789,0.013198559172451496,Saxophone
ac097834.wav,Saxophone,0.08750457316637039,0.06367937475442886,0.25157293677330017,0.004758528899401426,0.1006661057472229,0.14242875576019287,0.02791121043264866,0.015217163600027561,0.3053351938724518,0.0009260672959499061,Snare_drum
4345851e.wav,Saxophone,0.05839269980788231,0.06009184569120407,0.28796786069869995,0.002564720343798399,0.13676421344280243,0.11085294932126999,0.0160689540207386,0.1141364648938179,0.20953071117401123,0.003629508661106229,Cello
5d4f8187.wav,Saxophone,0.010300702415406704,0.001662843395024538,0.012284104712307453,0.0024314920883625746,0.00017450079030822963,0.07293883711099625,0.009033364243805408,0.024309756234288216,0.8624982833862305,0.004365932662039995,Snare_drum
b83049f4.wav,Saxophone,0.029674125835299492,0.03811759874224663,0.29943716526031494,0.033611830323934555,0.0684150829911232,0.3379359543323517,0.002764621749520302,0.11504219472408295,0.062259089201688766,0.012742341496050358,Flute
c1c3c8b9.wav,Saxophone,0.011787631548941135,0.02867390774190426,0.2960081100463867,0.054333556443452835,0.049668073654174805,0.29337894916534424,0.03941943496465683,0.0744708701968193,0.1396724283695221,0.01258709654211998,Cello
78a86075.wav,Saxophone,0.04063921049237251,0.04399365186691284,0.1889757663011551,0.0042312596924602985,0.023647669702768326,0.1924843192100525,0.027618275955319405,0.19582046568393707,0.267107218503952,0.015482127666473389,Snare_drum
f0d315bc.wav,Saxophone,0.0428725928068161,0.043391820043325424,0.14731365442276,0.022108403965830803,0.03152783215045929,0.12667302787303925,0.0013543368550017476,0.14111994206905365,0.4266490042209625,0.016989225521683693,Snare_drum
9c0838c1.wav,Saxophone,0.05585019662976265,0.0366523414850235,0.1338961124420166,0.0032294245902448893,0.03442136198282242,0.13906869292259216,0.007981534115970135,0.13518106937408447,0.43366435170173645,0.020054949447512627,Snare_drum
d6144e01.wav,Violin_or_fiddle,0.0037516909651458263,0.3490525484085083,0.36023378372192383,0.0020897905342280865,0.04054785519838333,0.0969068855047226,0.005130968056619167,0.014039685018360615,0.12270045280456543,0.005546313710510731,Cello
cfb9c5fd.wav,Violin_or_fiddle,0.06101427227258682,0.12851998209953308,0.2640904188156128,0.025063375011086464,0.030983902513980865,0.21540038287639618,0.015393594279885292,0.13066546618938446,0.07827066630125046,0.05059794336557388,Cello
c6865306.wav,Violin_or_fiddle,0.10968519747257233,0.04200529679656029,0.28060153126716614,0.07497706264257431,0.046265095472335815,0.15519866347312927,0.009037735871970654,0.07678256928920746,0.1731039434671402,0.03234296664595604,Cello
642aba58.wav,Violin_or_fiddle,0.02253984473645687,0.00574566749855876,0.37215176224708557,0.008663480170071125,0.21068064868450165,0.15404783189296722,0.014224709942936897,0.07842949777841568,0.12317918986082077,0.010337409563362598,Cello
848faca3.wav,Violin_or_fiddle,0.13977371156215668,0.0009753885678946972,0.13245846331119537,0.01880056783556938,0.00016103903180919588,0.38576674461364746,0.005300270859152079,0.054644741117954254,0.11492166668176651,0.1471974104642868,Flute
7eb9dac0.wav,Violin_or_fiddle,0.022613143548369408,0.3055649399757385,0.3094509243965149,0.002938310382887721,0.04163754731416702,0.1151474267244339,0.003990975208580494,0.038939282298088074,0.14295466244220734,0.01676272787153721,Cello
8d7d7dba.wav,Violin_or_fiddle,0.14405088126659393,0.06572938710451126,0.13832169771194458,0.008690002374351025,0.03159481659531593,0.16098669171333313,0.0010449137771502137,0.1698789894580841,0.21925587952136993,0.06044669449329376,Snare_drum
2424ad60.wav,Violin_or_fiddle,0.09748709946870804,0.01614513248205185,0.023836882784962654,0.0018157429294660687,0.003468031296506524,0.12861797213554382,0.0006907943170517683,0.08947470039129257,0.5528163909912109,0.08564728498458862,Snare_drum
ba648ac1.wav,Violin_or_fiddle,0.06541407108306885,0.07139342278242111,0.2668367922306061,0.028218504041433334,0.005463459994643927,0.28068429231643677,0.013976524583995342,0.13110415637493134,0.1167428269982338,0.020165912806987762,Flute
2e4a9850.wav,Violin_or_fiddle,0.09178964793682098,0.011349363252520561,0.29203981161117554,0.16091378033161163,0.2106231451034546,0.10394290089607239,0.009526257403194904,0.08374717086553574,0.012810401618480682,0.023257585242390633,Cello
2cc8683d.wav,Violin_or_fiddle,0.06989642977714539,0.062317244708538055,0.2967569828033447,0.021868592128157616,0.006455103866755962,0.3954889178276062,0.06456687301397324,0.03512996807694435,0.027777260169386864,0.01974255032837391,Flute
7b6a119e.wav,Violin_or_fiddle,0.08805876225233078,0.03309953957796097,0.14795570075511932,0.029817884787917137,0.002476229565218091,0.22947578132152557,0.026310522109270096,0.3779992461204529,0.028472281992435455,0.036334019154310226,Saxophone
68589f79.wav,Violin_or_fiddle,0.006381009705364704,0.21529041230678558,0.3262980580329895,0.001443025073967874,0.034634917974472046,0.1721011996269226,0.004121259320527315,0.07256223261356354,0.14364342391490936,0.023524468764662743,Cello
fec00143.wav,Violin_or_fiddle,0.12524722516536713,0.008009238168597221,0.17745110392570496,0.02709442749619484,0.000611329625826329,0.20565254986286163,0.009470811113715172,0.2429327368736267,0.045605190098285675,0.15792542695999146,Saxophone
1b24c166.wav,Violin_or_fiddle,0.11272768676280975,0.0061990548856556416,0.2382136583328247,0.18729814887046814,0.019129276275634766,0.210274338722229,0.029410501942038536,0.10391733795404434,0.01023185532540083,0.08259817212820053,Cello
6eb59008.wav,Violin_or_fiddle,0.19906197488307953,0.02784002386033535,0.17043034732341766,0.013393583707511425,0.00011456276115495712,0.25257983803749084,0.006518382579088211,0.1869436353445053,0.06458452343940735,0.0785331130027771,Flute
0e7cd4eb.wav,Violin_or_fiddle,0.05135596916079521,0.011237933300435543,0.035615283995866776,0.00039602856850251555,0.00188181281555444,0.05985189974308014,0.0175387654453516,0.024105560034513474,0.7965816259384155,0.0014351536519825459,Snare_drum
56e79c6f.wav,Violin_or_fiddle,0.34738942980766296,0.006564370356500149,0.2074967920780182,0.09945192188024521,0.04437902197241783,0.1348479837179184,0.011776433326303959,0.07698512077331543,0.03661351278424263,0.034495510160923004,Acoustic_guitar
cdc5fe8e.wav,Violin_or_fiddle,0.05541164427995682,0.018392067402601242,0.3312113881111145,0.02984377183020115,0.09112555533647537,0.31686729192733765,0.014214972034096718,0.05283493921160698,0.06353156268596649,0.026566820219159126,Cello
b38409bb.wav,Violin_or_fiddle,0.0024118975270539522,0.31546279788017273,0.2009202539920807,0.0034028643276542425,0.011248193681240082,0.09840696305036545,0.012051018886268139,0.020298819988965988,0.33123600482940674,0.004561173263937235,Snare_drum
c8c117dc.wav,Violin_or_fiddle,0.02311636134982109,0.08802476525306702,0.1507139354944229,0.057941537350416183,0.04044703021645546,0.24633237719535828,0.022574227303266525,0.24895252287387848,0.10428024083375931,0.01761702075600624,Saxophone
b73c3595.wav,Violin_or_fiddle,0.010721499100327492,0.35739025473594666,0.19484677910804749,0.0051514278165996075,0.04350263625383377,0.09649716317653656,0.005576607305556536,0.038783762603998184,0.23479953408241272,0.01273035816848278,Bass_drum
d84c8c43.wav,Violin_or_fiddle,0.09001840651035309,0.04698212444782257,0.2882430851459503,0.018326222896575928,0.0024731988087296486,0.21435770392417908,0.22880752384662628,0.020524315536022186,0.05573359504342079,0.03453381359577179,Cello
d914225a.wav,Violin_or_fiddle,0.032763686031103134,0.039495475590229034,0.44540148973464966,0.007109161466360092,0.19420287013053894,0.06537631154060364,0.00037192279705777764,0.18321949243545532,0.026703234761953354,0.00535635557025671,Cello
1148986e.wav,Violin_or_fiddle,0.019207444041967392,0.005789695307612419,0.41610047221183777,0.014687314629554749,0.11536607146263123,0.12047021090984344,0.23214727640151978,0.018961254507303238,0.052781518548727036,0.004488746635615826,Cello
e3f479f3.wav,Violin_or_fiddle,0.3020041882991791,0.0033615368884056807,0.17718255519866943,0.08776028454303741,0.03840196505188942,0.15129074454307556,0.0062825498171150684,0.10952503979206085,0.08120935410261154,0.04298194497823715,Acoustic_guitar
aab28420.wav,Violin_or_fiddle,0.18445801734924316,0.018825842067599297,0.3223893940448761,0.016415687277913094,0.0015501119196414948,0.26621150970458984,0.06602782756090164,0.08521856367588043,0.01079364214092493,0.028109343722462654,Cello
21346775.wav,Violin_or_fiddle,0.07324381917715073,0.09369882941246033,0.249148428440094,0.00821047741919756,0.012026911601424217,0.12518343329429626,0.005798694211989641,0.275701105594635,0.10103131830692291,0.05595706030726433,Saxophone
cdeece57.wav,Violin_or_fiddle,0.021535005420446396,0.043279290199279785,0.3621116280555725,0.13221685588359833,0.15969936549663544,0.16931557655334473,0.009554650634527206,0.022651495411992073,0.04382604360580444,0.035810086876153946,Cello
c9fb642d.wav,Violin_or_fiddle,0.11427415162324905,0.06493385136127472,0.24133796989917755,0.008123521693050861,0.12391579896211624,0.16663232445716858,0.026069127023220062,0.1478966772556305,0.04256686568260193,0.06424965709447861,Cello
078f7ac0.wav,Hi-hat,0.4217901825904846,0.00020815625612158328,0.03337067738175392,0.02717065066099167,0.00010132261377293617,0.2160564661026001,0.002969507360830903,0.25158756971359253,0.016064265742897987,0.030681174248456955,Acoustic_guitar
e897db78.wav,Hi-hat,0.3688715994358063,0.009946930222213268,0.21311409771442413,0.024790236726403236,0.0009828268084675074,0.18656949698925018,0.012549912557005882,0.058572132140398026,0.032790906727313995,0.09181179106235504,Acoustic_guitar
b31ed1fb.wav,Hi-hat,0.010782159864902496,0.3046244978904724,0.1322549432516098,0.021736042574048042,0.05086919292807579,0.1220463439822197,0.011980024166405201,0.04508010298013687,0.27223044633865356,0.028396274894475937,Bass_drum
06c48eab.wav,Hi-hat,0.23288467526435852,0.030916092917323112,0.11948846280574799,0.011723335832357407,0.0040089744143188,0.25916579365730286,0.0087328115478158,0.10074389725923538,0.1695740967988968,0.0627618208527565,Flute
2503aaa1.wav,Hi-hat,0.45517727732658386,0.00022292413632385433,0.021962996572256088,0.009259650483727455,1.4997899597801734e-05,0.24594168365001678,0.005028544459491968,0.15712137520313263,0.05444704741239548,0.050823524594306946,Acoustic_guitar
3d3439f1.wav,Hi-hat,0.20693206787109375,0.00587784219533205,0.25394755601882935,0.006944398395717144,0.00026958552189171314,0.28987932205200195,0.0032767869997769594,0.1651335507631302,0.02628203108906746,0.04145689308643341,Flute
34a90030.wav,Hi-hat,0.32385432720184326,0.00511982711032033,0.13353508710861206,0.055232007056474686,0.0004980635712854564,0.2215721756219864,0.009534670040011406,0.14557112753391266,0.019885804504156113,0.08519697189331055,Acoustic_guitar
da4b0379.wav,Hi-hat,0.13726675510406494,0.016819598153233528,0.3497474491596222,0.023627642542123795,0.001176362275145948,0.2972777187824249,0.027011116966605186,0.031965386122465134,0.02501540258526802,0.09009256213903427,Cello
a090c45a.wav,Hi-hat,0.29079926013946533,0.00909056793898344,0.26126086711883545,0.012438888661563396,0.0003043414617422968,0.17868250608444214,0.011716250330209732,0.09137750416994095,0.06557571142911911,0.07875414937734604,Acoustic_guitar
41897c32.wav,Hi-hat,0.5250549912452698,0.0023453887552022934,0.17243196070194244,0.036916233599185944,0.0004372050752863288,0.1504201591014862,0.00847364217042923,0.018822237849235535,0.021235596388578415,0.0638626217842102,Acoustic_guitar
2032be87.wav,Hi-hat,0.45472148060798645,0.00013386833597905934,0.03842882066965103,0.014129423536360264,1.4094845937506761e-05,0.21244394779205322,0.006622242275625467,0.20032112300395966,0.023692196235060692,0.049492768943309784,Acoustic_guitar
73677128.wav,Hi-hat,0.5374026298522949,0.00010712687071645632,0.032360367476940155,0.008582685142755508,1.4720611943630502e-05,0.20672838389873505,0.0032654409296810627,0.17365576326847076,0.016321787610650063,0.021561099216341972,Acoustic_guitar
c53a217e.wav,Hi-hat,0.5172383785247803,0.0001254814415005967,0.0438682921230793,0.02265903539955616,6.0011348978150636e-05,0.20583511888980865,0.0077886758372187614,0.1567714959383011,0.01629847288131714,0.029355106875300407,Acoustic_guitar
f0dfe343.wav,Hi-hat,0.5088877081871033,0.00014917284715920687,0.03219259902834892,0.01290841493755579,2.880969623220153e-05,0.16834789514541626,0.005893486086279154,0.1937175691127777,0.03754887357354164,0.04032552242279053,Acoustic_guitar
0ed06544.wav,Hi-hat,0.48626288771629333,0.00022903285571374,0.04166952520608902,0.022357270121574402,7.031224231468514e-05,0.24246162176132202,0.004178604576736689,0.1399468183517456,0.019214754924178123,0.0436091385781765,Acoustic_guitar
99c96a07.wav,Hi-hat,0.14316588640213013,0.014460102654993534,0.35216274857521057,0.029426200315356255,0.0007056000176817179,0.09109843522310257,0.02041287161409855,0.22587037086486816,0.03579032048583031,0.08690744638442993,Cello
3a3d0279.wav,Hi-hat,0.25582849979400635,0.0033966023474931717,0.21415965259075165,0.009236660785973072,9.654732275521383e-05,0.2589553892612457,0.007530118804425001,0.11949265748262405,0.0793628916144371,0.05194095894694328,Flute
612702c3.wav,Hi-hat,0.586981475353241,0.0005628651706501842,0.06445778161287308,0.00953189842402935,3.7501315091503784e-05,0.17970573902130127,0.005109892692416906,0.10690522938966751,0.012750155292451382,0.03395747020840645,Acoustic_guitar
d6854eb4.wav,Hi-hat,0.3475474715232849,0.0019701910205185413,0.0719531998038292,0.1433364599943161,0.0017973087960854173,0.10756274312734604,0.010787625797092915,0.2540722191333771,0.01506955735385418,0.04590331017971039,Acoustic_guitar
52300f9b.wav,Hi-hat,0.3610985279083252,0.0003269604640081525,0.07320859283208847,0.03827735409140587,0.00011640795855782926,0.22564126551151276,0.005448345094919205,0.23644563555717468,0.013880505226552486,0.04555648937821388,Acoustic_guitar
09a1cfd7.wav,Hi-hat,0.3629198968410492,0.005896014627069235,0.2502587139606476,0.01501346006989479,0.0003569334512576461,0.19664858281612396,0.02609814889729023,0.06097930669784546,0.01207706332206726,0.06975187361240387,Acoustic_guitar
3aafb6ad.wav,Hi-hat,0.2703256607055664,0.007075018249452114,0.10012482851743698,0.0516357347369194,0.0028309181798249483,0.2849346101284027,0.009790263138711452,0.12805773317813873,0.06158692017197609,0.08363831043243408,Flute
493c247b.wav,Hi-hat,0.36732086539268494,0.000329617818351835,0.0520288310945034,0.025885263457894325,0.00012009281635982916,0.20339351892471313,0.004289991222321987,0.28374308347702026,0.016714027151465416,0.04617469385266304,Acoustic_guitar
5ec7ad26.wav,Hi-hat,0.32913753390312195,0.016230156645178795,0.23912419378757477,0.049436889588832855,0.002257217653095722,0.19162927567958832,0.01726151444017887,0.04885006695985794,0.017958076670765877,0.08811505138874054,Acoustic_guitar
a1b369d7.wav,Hi-hat,0.549510657787323,0.0015207674587145448,0.10547812283039093,0.01807934232056141,7.807661313563585e-05,0.15426698327064514,0.007217283360660076,0.06284408271312714,0.02763224020600319,0.07337245345115662,Acoustic_guitar
8cd809d3.wav,Hi-hat,0.22157934308052063,0.04250290244817734,0.12782692909240723,0.04801439121365547,0.003420687047764659,0.23621989786624908,0.019894791767001152,0.08347059786319733,0.09152697026729584,0.1255435049533844,Flute
aed9d22f.wav,Hi-hat,0.27278009057044983,6.785984442103654e-05,0.03545690327882767,0.07632490992546082,9.883141319733113e-05,0.1751708984375,0.0027086460031569004,0.4055226445198059,0.007122323848307133,0.024746892973780632,Saxophone
a7964699.wav,Hi-hat,0.23923343420028687,0.011094588786363602,0.19815929234027863,0.07112650573253632,0.002242777030915022,0.21150556206703186,0.01955058053135872,0.156694695353508,0.029633114114403725,0.06075945124030113,Acoustic_guitar
da3f8050.wav,Hi-hat,0.45898744463920593,8.236570283770561e-05,0.03195888176560402,0.020348256453871727,8.176940900739282e-05,0.26020941138267517,0.0033831612672656775,0.1535114049911499,0.026776818558573723,0.04466051608324051,Acoustic_guitar
468f9c4c.wav,Hi-hat,0.08863647282123566,0.0005377293564379215,0.012538007460534573,0.011999908834695816,2.4715800464036874e-05,0.054046664386987686,0.0010263945441693068,0.7829829454421997,0.0322742760181427,0.015932947397232056,Saxophone
229be2be.wav,Snare_drum,0.28735488653182983,0.006228079553693533,0.02604379691183567,0.0021310641895979643,0.0002206692297477275,0.18255001306533813,0.0036280208732932806,0.05181329324841499,0.37161126732826233,0.06841893494129181,Snare_drum
b6cbc6a9.wav,Snare_drum,0.06421472132205963,0.18273892998695374,0.07866107672452927,0.040973417460918427,0.003655220614746213,0.3335736393928528,0.004692691843956709,0.04367522895336151,0.1817532330751419,0.06606187671422958,Flute
ae7d1c37.wav,Snare_drum,0.09256288409233093,0.016575917601585388,0.03912114351987839,0.00030991178937256336,0.00036167685175314546,0.13414813578128815,0.0007360927411355078,0.04539310932159424,0.6653937101364136,0.005397376604378223,Snare_drum
82d4fb44.wav,Snare_drum,0.09604182839393616,0.008552302606403828,0.03989328071475029,0.0002567398769315332,6.281582318479195e-05,0.1718476414680481,0.0008383836247958243,0.043569423258304596,0.6282206773757935,0.010716917924582958,Snare_drum
4c590f69.wav,Snare_drum,0.03361815586686134,0.01837034896016121,0.01136624813079834,0.0007167479488998652,0.00018031380022875965,0.27637919783592224,0.0018980195745825768,0.05515182018280029,0.586980938911438,0.01533816009759903,Snare_drum
1c9a423f.wav,Snare_drum,0.10368034988641739,0.07602421939373016,0.31209635734558105,0.12926246225833893,0.03266625851392746,0.1940920352935791,0.039528779685497284,0.04852546006441116,0.04768896847963333,0.016435101628303528,Cello
f0727eac.wav,Snare_drum,0.12855826318264008,0.028174320235848427,0.1995432823896408,0.06789752840995789,0.010331605561077595,0.27064305543899536,0.08831212669610977,0.0516204796731472,0.07239431887865067,0.08252499997615814,Flute
31db8c5e.wav,Snare_drum,0.05709227919578552,0.0031747082248330116,0.27470871806144714,0.0005481580155901611,0.0002972643997054547,0.46519601345062256,0.015252791345119476,0.002651119837537408,0.16345031559467316,0.0176286268979311,Flute
b86b5a96.wav,Snare_drum,0.05183873698115349,0.00281248870305717,0.0032665873877704144,0.00014370627468451858,7.590691529912874e-05,0.01694646291434765,0.00015280582010746002,0.0012611676938831806,0.9204316139221191,0.0030705847311764956,Snare_drum
6fca680b.wav,Snare_drum,0.12279181182384491,0.006530506536364555,0.03724946454167366,0.00022190007439348847,4.043744411319494e-05,0.14066967368125916,0.0014886599965393543,0.0506962351500988,0.6345323324203491,0.005778966471552849,Snare_drum
1bc8eae1.wav,Snare_drum,0.14197014272212982,0.014289025217294693,0.09107039123773575,0.0061513823457062244,0.0087169473990798,0.15385271608829498,0.006558301392942667,0.07415035367012024,0.4972878694534302,0.00595292542129755,Snare_drum
46b52f97.wav,Snare_drum,0.21367251873016357,0.006059101317077875,0.09555266052484512,0.006847239565104246,0.002848010743036866,0.4118227958679199,0.004176343325525522,0.08954695612192154,0.08052141964435577,0.08895298093557358,Flute
0c67f402.wav,Snare_drum,0.12575316429138184,0.011373679153621197,0.042749419808387756,0.0005328072584234178,0.0001599061070010066,0.24292127788066864,0.0018034093081951141,0.10619330406188965,0.4489480257034302,0.019564956426620483,Snare_drum
c8ecbbfd.wav,Snare_drum,0.12195277214050293,0.14796194434165955,0.1057717576622963,0.0036689552944153547,0.010079479776322842,0.20520620048046112,0.0007312115631066263,0.049981456249952316,0.2481042593717575,0.10654196888208389,Snare_drum
9f84ea5a.wav,Snare_drum,0.05953644961118698,0.027909360826015472,0.35753190517425537,0.007994298823177814,0.028799526393413544,0.17642758786678314,0.03506599739193916,0.011542418040335178,0.29276955127716064,0.0024229283444583416,Cello
e4958adc.wav,Snare_drum,0.131715789437294,0.013662329874932766,0.05387873202562332,0.000491754268296063,8.997670374810696e-05,0.1701449453830719,0.0011528785107657313,0.07372773438692093,0.5438434481620789,0.011292578652501106,Snare_drum
5ce40b1b.wav,Snare_drum,0.12793923914432526,0.0027444779407233,0.018022261559963226,0.00015408605395350605,5.0374269449093845e-06,0.14334343373775482,0.0006576136220246553,0.0156258512288332,0.6877815127372742,0.0037265713326632977,Snare_drum
9d308738.wav,Snare_drum,0.08232623338699341,0.07139386981725693,0.20744332671165466,0.004531843587756157,0.021299872547388077,0.22116521000862122,0.0002978862030431628,0.08187481760978699,0.2737676799297333,0.03589927405118942,Snare_drum
1e3391d5.wav,Snare_drum,0.08526100963354111,0.005130389705300331,0.04776690900325775,0.0006651320145465434,0.00012590600817929953,0.22398579120635986,0.0012241329532116652,0.07219984382390976,0.5487082600593567,0.014932633377611637,Snare_drum
ff3f21e7.wav,Snare_drum,0.08399112522602081,0.030128005892038345,0.025719955563545227,0.0003527003573253751,0.0024204610381275415,0.06332257390022278,0.0003408492775633931,0.05659746006131172,0.7340371608734131,0.0030896030366420746,Snare_drum
b68f10af.wav,Snare_drum,0.10927478224039078,0.003475337754935026,0.024645986035466194,0.00023648417845834047,0.00020744799985550344,0.10254840552806854,0.0021780834067612886,0.04183834046125412,0.7056294083595276,0.009965816512703896,Snare_drum
e8e00924.wav,Snare_drum,0.0639960914850235,0.006449313368648291,0.038170408457517624,0.00018705069669522345,0.0031428521033376455,0.015493267215788364,0.00014354445738717914,0.12603594362735748,0.7395817041397095,0.006799809169024229,Snare_drum
22e1c02c.wav,Snare_drum,0.021722683683037758,0.06520744413137436,0.04513903334736824,0.0004895807360298932,0.0025731539353728294,0.15723420679569244,0.0033650733530521393,0.08047066628932953,0.6066453456878662,0.017152825370430946,Snare_drum
5c33d972.wav,Snare_drum,0.04865002632141113,0.030674690380692482,0.24704308807849884,0.0010722209699451923,0.00043811392970383167,0.3359115719795227,0.004433113150298595,0.18822245299816132,0.12853418290615082,0.015020573511719704,Flute
9320c55f.wav,Snare_drum,0.01749885268509388,0.1041199341416359,0.09609013795852661,0.003203342203050852,0.009105163626372814,0.11777551472187042,0.0005464099231176078,0.4208783805370331,0.22358816862106323,0.007194105535745621,Saxophone
f1754aea.wav,Snare_drum,0.022830650210380554,0.01886323280632496,0.012793085537850857,0.0007057103794068098,5.498675454873592e-05,0.33985134959220886,0.0006052397075109184,0.08875200152397156,0.513007640838623,0.0025360991712659597,Snare_drum
b218444c.wav,Snare_drum,0.10103370994329453,0.025571584701538086,0.03451309725642204,0.00017587603360880166,0.0016267765313386917,0.07654918730258942,0.0005074465880170465,0.03138652816414833,0.7221342921257019,0.006501540541648865,Snare_drum
36d06cc0.wav,Snare_drum,0.1408667266368866,0.00917096808552742,0.01662782020866871,0.0002972200745716691,9.250239236280322e-05,0.07607840746641159,0.0001473652373533696,0.08457066118717194,0.6381247639656067,0.03402351588010788,Snare_drum
4c4d4797.wav,Snare_drum,0.012322143651545048,0.0019245074363425374,0.03347299247980118,0.0015025619650259614,0.00253327377140522,0.42805203795433044,0.015496003441512585,0.024806519970297813,0.46358203887939453,0.016307922080159187,Snare_drum
cae0d841.wav,Snare_drum,0.19625790417194366,0.019788047298789024,0.1296878606081009,0.03095523826777935,0.0077984388917684555,0.4256007969379425,0.03424405679106712,0.020713040605187416,0.01184028759598732,0.12311431020498276,Flute
17f82c05.wav,Acoustic_guitar,0.015722187235951424,0.01705995760858059,0.2318856567144394,0.0016000469913706183,0.02212611213326454,0.3456536531448364,0.10600876808166504,0.09785651415586472,0.1595393866300583,0.0025477984454482794,Flute
0eeaebcb.wav,Acoustic_guitar,0.04417456313967705,0.03003411926329136,0.3160773515701294,0.005647606216371059,0.10240539163351059,0.1774744838476181,0.0295491311699152,0.046720825135707855,0.24300119280815125,0.0049152737483382225,Cello
e92bf0fa.wav,Acoustic_guitar,0.0030139132868498564,0.012665822170674801,0.04919419437646866,0.0004654513322748244,0.017256272956728935,0.051174405962228775,0.0006998761091381311,0.2354467660188675,0.6280264258384705,0.002056935103610158,Snare_drum
10da16fb.wav,Acoustic_guitar,0.01823423057794571,0.0368926078081131,0.31452760100364685,0.0025419534649699926,0.12175290286540985,0.20368598401546478,0.019156618043780327,0.11717500537633896,0.1639440804719925,0.0020890110172331333,Cello
a25423a8.wav,Acoustic_guitar,0.05949677526950836,0.008432988077402115,0.0382162481546402,0.0020997284445911646,0.002635081298649311,0.7928255796432495,0.05238121375441551,0.013628889806568623,0.0273981261998415,0.0028852885589003563,Flute
16c9a838.wav,Acoustic_guitar,0.08031247556209564,0.007860112935304642,0.5179780125617981,0.04020821675658226,0.1439795345067978,0.15564174950122833,0.012617537751793861,0.007294385228306055,0.031140951439738274,0.0029670041985809803,Cello
70ca9c77.wav,Acoustic_guitar,0.04474998265504837,0.029233459383249283,0.056334514170885086,0.002314036013558507,0.001000460353679955,0.7144309878349304,0.039191022515296936,0.024985728785395622,0.08346404135227203,0.0042957728728652,Flute
38216fad.wav,Acoustic_guitar,0.008113623596727848,0.0947713777422905,0.13597600162029266,0.00128175038844347,0.05956660583615303,0.1916796714067459,0.02237151935696602,0.3706248700618744,0.11468467116355896,0.0009300248348154128,Saxophone
d8a257e5.wav,Acoustic_guitar,0.032469816505908966,0.015425960533320904,0.3933872878551483,0.0011202724417671561,0.04367589205503464,0.1613820642232895,0.2325371354818344,0.049026668071746826,0.0678045004606247,0.0031702795531600714,Cello
7506dcc4.wav,Acoustic_guitar,0.011540770530700684,0.2077770084142685,0.2832360565662384,0.0007941717049106956,0.022769374772906303,0.2157486081123352,0.004472821950912476,0.09893907606601715,0.1523636281490326,0.002358510857447982,Cello
a6728901.wav,Acoustic_guitar,0.11988651752471924,0.007460206747055054,0.29452523589134216,0.22213168442249298,0.059883881360292435,0.17503657937049866,0.019574103876948357,0.03184399753808975,0.0092936921864748,0.06036413460969925,Cello
b88322f6.wav,Acoustic_guitar,0.023723216727375984,0.0033342866227030754,0.40749067068099976,0.005894971080124378,0.4901663064956665,0.04165603220462799,0.004682844039052725,0.021140027791261673,0.0010536749614402652,0.0008579160203225911,Double_bass
35039ae1.wav,Acoustic_guitar,0.005341141019016504,0.033604416996240616,0.13418534398078918,0.0031824547331780195,0.08329828828573227,0.1559905856847763,0.001154618919827044,0.09038816392421722,0.48539647459983826,0.007458490785211325,Snare_drum
236cbab1.wav,Acoustic_guitar,0.03888881951570511,0.005540380720049143,0.04856203496456146,0.0015073521062731743,0.002399347722530365,0.7759105563163757,0.06069890409708023,0.014077967964112759,0.04531538859009743,0.007099338807165623,Flute
0356dec7.wav,Acoustic_guitar,0.032428450882434845,0.047883372753858566,0.26359614729881287,0.002758001210168004,0.2624851167201996,0.1428360491991043,0.003903144272044301,0.13010236620903015,0.10969161987304688,0.004315649624913931,Cello
bb1f5874.wav,Acoustic_guitar,0.024358674883842468,0.0027752744499593973,0.019112247973680496,9.18580117286183e-05,3.627441037679091e-05,0.024654773995280266,0.00020750124531332403,0.11010893434286118,0.8160000443458557,0.002654324984177947,Snare_drum
34747922.wav,Acoustic_guitar,0.009756767190992832,0.03945424407720566,0.45890456438064575,0.005867927800863981,0.2990742027759552,0.0934448093175888,0.00045773337478749454,0.013746282085776329,0.07405851781368256,0.005234939511865377,Cello
44fb3eeb.wav,Acoustic_guitar,0.024288373067975044,0.11662811040878296,0.3349292576313019,0.11847127228975296,0.0694175660610199,0.15474188327789307,0.06728623062372208,0.027888746932148933,0.07204935699701309,0.014299193397164345,Cello
367ad7b1.wav,Acoustic_guitar,0.07137447595596313,0.024062257260084152,0.14948496222496033,0.0007714733947068453,0.004126118961721659,0.21922358870506287,0.005961949005723,0.31654980778694153,0.20436416566371918,0.004081183113157749,Saxophone
160c92d7.wav,Acoustic_guitar,0.022247033193707466,0.026582712307572365,0.37596139311790466,0.0035875884350389242,0.09812941402196884,0.16503861546516418,0.0177660770714283,0.09626909345388412,0.19134114682674408,0.0030769300647079945,Cello
2016d256.wav,Acoustic_guitar,0.005723367445170879,0.1901000440120697,0.39076071977615356,0.002224644646048546,0.03988436982035637,0.14274844527244568,0.010692261159420013,0.053130727261304855,0.16290324926376343,0.0018321445677429438,Cello
fc55d588.wav,Acoustic_guitar,0.033920541405677795,0.011206138879060745,0.13655638694763184,0.0010136340279132128,0.003270315006375313,0.1653028130531311,0.008086573332548141,0.022990817204117775,0.6170098781585693,0.0006429452914744616,Snare_drum
c7846d27.wav,Acoustic_guitar,0.03355764225125313,0.04000893980264664,0.4558384418487549,0.07643689215183258,0.1180698350071907,0.18454450368881226,0.007983042858541012,0.01985711231827736,0.035029374063014984,0.028674185276031494,Cello
55822aae.wav,Acoustic_guitar,0.01689753495156765,0.08791403472423553,0.07270342856645584,0.0007216331432573497,0.00477373693138361,0.22932247817516327,0.0037337900139391422,0.09112371504306793,0.49175208806991577,0.001057514688000083,Snare_drum
9923ddf8.wav,Acoustic_guitar,0.006829720456153154,0.05675489827990532,0.2173835039138794,0.0008612571400590241,0.01485199574381113,0.24724596738815308,0.006449326407164335,0.2625959813594818,0.18492491543293,0.002102459082379937,Saxophone
32dee61b.wav,Acoustic_guitar,0.02112995646893978,0.05436692386865616,0.0822266936302185,0.0012571767438203096,0.000640284619294107,0.204193577170372,0.0021042502485215664,0.5156800150871277,0.11082879453897476,0.0075722988694906235,Saxophone
fa4d4a92.wav,Acoustic_guitar,0.0617576539516449,0.034610968083143234,0.10341589897871017,0.0008985263993963599,0.0010871068807318807,0.5821484327316284,0.02320719324052334,0.01131704542785883,0.1768699288368225,0.004687189124524593,Flute
8da75280.wav,Acoustic_guitar,0.18554307520389557,0.003802425228059292,0.10670900344848633,0.0019767610356211662,0.001929318648763001,0.5299574136734009,0.021649427711963654,0.011280212551355362,0.09280908107757568,0.04434339702129364,Flute
b2261238.wav,Acoustic_guitar,0.13682964444160461,0.03548305854201317,0.2517387866973877,0.0018678454216569662,0.021425114944577217,0.14157967269420624,0.021509984508156776,0.021619046106934547,0.3659375309944153,0.002009428571909666,Snare_drum
673defaf.wav,Acoustic_guitar,0.03248899430036545,0.021883025765419006,0.23426496982574463,0.007646975573152304,0.6127151846885681,0.050091177225112915,0.0012443739688023925,0.016778942197561264,0.021208101883530617,0.0016782702878117561,Double_bass
e6597186.wav,Double_bass,0.05866817757487297,0.009290996007621288,0.0474504753947258,0.001101432484574616,0.0043321638368070126,0.5600748658180237,0.012813257053494453,0.06350941956043243,0.2398131787776947,0.0029461756348609924,Flute
fcfafbc8.wav,Double_bass,0.012921643443405628,0.15196408331394196,0.1311708390712738,0.0019930724520236254,0.00141814979724586,0.3081090450286865,0.008465039543807507,0.24122484028339386,0.13965199887752533,0.003081341041252017,Flute
444f9db5.wav,Double_bass,0.036867257207632065,0.05370301380753517,0.10962671786546707,0.034095581620931625,0.0480911023914814,0.20338989794254303,0.020363830029964447,0.10070353001356125,0.34392237663269043,0.0492367260158062,Snare_drum
19893aa8.wav,Double_bass,0.00949698593467474,0.09711359441280365,0.10383723676204681,0.0034422134049236774,0.0012895966647192836,0.12960393726825714,0.00813260581344366,0.6146337985992432,0.024355793371796608,0.00809429306536913,Saxophone
f042282c.wav,Double_bass,0.0817933976650238,0.011961963027715683,0.14933539927005768,0.0032146559096872807,4.303462992538698e-05,0.5562951564788818,0.017786391079425812,0.0381135456264019,0.09938683360815048,0.04206964373588562,Flute
95e1d0ae.wav,Double_bass,0.021407123655080795,0.0698370710015297,0.08908487856388092,0.001741586485877633,0.00035625905729830265,0.3928042948246002,0.011763607151806355,0.3544892370700836,0.049124665558338165,0.009391359984874725,Flute
595c191d.wav,Double_bass,0.02961065247654915,0.015116022899746895,0.041599296033382416,0.0026587096508592367,0.006760772317647934,0.16730836033821106,0.0010251343483105302,0.40361475944519043,0.31918251514434814,0.013123700395226479,Saxophone
8073923c.wav,Double_bass,0.1421486735343933,0.008637606166303158,0.19587342441082,0.0018642060458660126,0.002264611190184951,0.4602734446525574,0.012794498354196548,0.0068208263255655766,0.14067547023296356,0.028647199273109436,Flute
6efbaf90.wav,Double_bass,0.0312625989317894,0.05441904067993164,0.07133542001247406,0.0011434557382017374,0.00010734084207797423,0.09002922475337982,0.0006754965288564563,0.6654492020606995,0.0765424519777298,0.009035780094563961,Saxophone
642ad7e4.wav,Double_bass,0.013270365074276924,0.11058470606803894,0.13740886747837067,0.0028364998288452625,0.004382953979074955,0.33826392889022827,0.04035938158631325,0.09649894386529922,0.2558687925338745,0.0005255647702142596,Flute
5eadbc6d.wav,Double_bass,0.006198659539222717,0.03409268707036972,0.04561150446534157,0.0029134023934602737,0.00015588622773066163,0.5484776496887207,0.04039312154054642,0.1361103504896164,0.16530461609363556,0.0207421462982893,Flute
1a7d3f2d.wav,Double_bass,0.03286723792552948,0.025285491719841957,0.12627863883972168,0.0021926485933363438,0.009120630100369453,0.5342553853988647,0.05787863954901695,0.12816932797431946,0.0721573755145073,0.01179455779492855,Flute
13da16ae.wav,Double_bass,0.008852499537169933,0.042625054717063904,0.05559687688946724,0.0009000241407193244,8.353897283086553e-05,0.021550247445702553,0.00034132468863390386,0.8243707418441772,0.03886285424232483,0.006816912442445755,Saxophone
103f29e5.wav,Double_bass,0.011977327056229115,0.029575349763035774,0.028929652646183968,0.0006218795315362513,0.0017889506416395307,0.0728340595960617,0.0007260621641762555,0.24920548498630524,0.6025357842445374,0.0018054548418149352,Snare_drum
da8ea649.wav,Double_bass,0.008641989901661873,0.33182767033576965,0.06235988810658455,0.002574604470282793,0.0004595945938490331,0.11226107180118561,0.0027987370267510414,0.4522382616996765,0.02495419606566429,0.0018839907133951783,Saxophone
ca348cbb.wav,Double_bass,0.01454842183738947,0.05108620971441269,0.09037085622549057,0.004786491394042969,0.0019179683877155185,0.620376706123352,0.09731502830982208,0.03237668797373772,0.08613520115613937,0.0010864309733733535,Flute
8ce2e863.wav,Double_bass,0.0019186419667676091,0.1565690040588379,0.03148530796170235,0.0026359392795711756,0.0025252557825297117,0.021203383803367615,0.00015750437160022557,0.769315242767334,0.013316712342202663,0.0008730603731237352,Saxophone
462b676f.wav,Double_bass,0.03906266391277313,0.09048125892877579,0.059006307274103165,0.0015909770736470819,0.006489094812422991,0.12767551839351654,0.0073454915545880795,0.5062046051025391,0.14567044377326965,0.01647367514669895,Saxophone
b428466c.wav,Double_bass,0.0015067873755469918,0.14849825203418732,0.25615760684013367,0.0007498112390749156,0.01828942634165287,0.12611256539821625,0.02287142165005207,0.4212009906768799,0.004292698111385107,0.00032043972169049084,Saxophone
4fd883bb.wav,Double_bass,0.037889041006565094,0.0077311815693974495,0.03032374195754528,0.0015517823630943894,0.00012772419722750783,0.6541390419006348,0.07025135308504105,0.00664377911016345,0.18828661739826202,0.0030557417776435614,Flute
2ac8b94f.wav,Double_bass,0.02544291317462921,0.04490293189883232,0.054207004606723785,0.0009430486825294793,0.007871241308748722,0.06875248998403549,0.0022756471298635006,0.3258078396320343,0.46404412388801575,0.0057526943273842335,Snare_drum
c840804f.wav,Double_bass,0.002724209800362587,0.09264148771762848,0.14083264768123627,0.0013663377612829208,0.036985818296670914,0.27241334319114685,0.03072945587337017,0.4059288203716278,0.01598251983523369,0.0003953966370318085,Saxophone
f63f3703.wav,Double_bass,0.0027777140494436026,0.14191551506519318,0.1084071695804596,0.003778376616537571,0.0037396433763206005,0.2718827426433563,0.021186893805861473,0.4201386272907257,0.019574258476495743,0.006598997861146927,Saxophone
c0ddf010.wav,Double_bass,0.040432319045066833,0.11069376021623611,0.031744956970214844,0.0012655123136937618,0.0003675861225929111,0.04836263135075569,0.0002642645558807999,0.7395280003547668,0.022412719205021858,0.004928250331431627,Saxophone
a0cbe92e.wav,Double_bass,0.02523563802242279,0.07854390144348145,0.09206336736679077,0.0018032134976238012,0.0005837168428115547,0.5775189995765686,0.00642631808295846,0.11713613569736481,0.09577608108520508,0.004912564065307379,Flute
4fb480bf.wav,Double_bass,0.027139710262417793,0.01986405812203884,0.4411367177963257,0.006044978741556406,0.0014927751617506146,0.19872888922691345,0.03746549040079117,0.18398813903331757,0.042892251163721085,0.04124697297811508,Cello
9dd0141c.wav,Double_bass,0.022466590628027916,0.01897897943854332,0.06762222945690155,0.0009582877391949296,0.013499473221600056,0.14100714027881622,0.004262140020728111,0.27527886629104614,0.4542804956436157,0.001645800075493753,Snare_drum
deb87700.wav,Double_bass,0.16514943540096283,0.026933688670396805,0.23565679788589478,0.0007752350065857172,0.004814193584024906,0.08772018551826477,0.03531809151172638,0.05667819082736969,0.36247411370277405,0.02448011003434658,Snare_drum
e0ecd1a6.wav,Double_bass,0.07467140257358551,0.012479960918426514,0.1108269914984703,0.0009555296273902059,0.0013482847716659307,0.4219968616962433,0.03191431611776352,0.05337809398770332,0.2848397493362427,0.007588813081383705,Flute
0286fc27.wav,Double_bass,0.02231556735932827,0.167376309633255,0.08052200078964233,0.002179541625082493,0.0033464827574789524,0.11755532771348953,0.000856619153637439,0.5054172277450562,0.09081421047449112,0.009616686962544918,Saxophone
e2d993ec.wav,Cello,0.0403469055891037,0.022195838391780853,0.06615278124809265,0.0007517302292399108,0.03828885778784752,0.11037495732307434,0.000958769116550684,0.1974988728761673,0.5077412724494934,0.015690144151449203,Snare_drum
0091fc7f.wav,Cello,0.05786331370472908,0.016725584864616394,0.0958467349410057,0.0005344795063138008,0.0007099867798388004,0.23198847472667694,0.017561042681336403,0.04854390770196915,0.5191139578819275,0.01111266203224659,Snare_drum
e55c5160.wav,Cello,0.011892267502844334,0.04901674762368202,0.4924030303955078,0.0009228738490492105,0.049581658095121384,0.11737755686044693,0.040126409381628036,0.02548089064657688,0.21192361414432526,0.0012750320602208376,Cello
a59b5a08.wav,Cello,0.17552880942821503,0.016144609078764915,0.2312150001525879,0.0013397752773016691,4.034363882965408e-05,0.14302459359169006,0.00929833110421896,0.17184937000274658,0.20055651664733887,0.0510026253759861,Cello
88500b88.wav,Cello,0.0412394218146801,0.007964462973177433,0.051502157002687454,0.0005102097638882697,0.005685107782483101,0.10038962960243225,0.0005775513709522784,0.12371943145990372,0.6525540947914124,0.015858031809329987,Snare_drum
743ae0f9.wav,Cello,0.03805515915155411,0.03816939517855644,0.24976633489131927,0.006099554244428873,0.04091765359044075,0.3058668375015259,0.06594163924455643,0.09163613617420197,0.14401130378246307,0.019535940140485764,Flute
9e3bc1b6.wav,Cello,0.02307150326669216,0.003433394944295287,0.023714203387498856,0.00037917125155217946,0.00024994893465191126,0.07434473931789398,0.0033899368718266487,0.013620483689010143,0.8569138050079346,0.0008826693519949913,Snare_drum
3e2bddda.wav,Cello,0.019176729023456573,0.015884263440966606,0.5244786739349365,0.08387906849384308,0.155165895819664,0.09910867363214493,0.0023830868303775787,0.032849546521902084,0.04986650124192238,0.01720757596194744,Cello
d328db67.wav,Cello,0.03763867914676666,0.06828876584768295,0.2583593726158142,0.0024301076773554087,0.05201677978038788,0.21910741925239563,0.03312213346362114,0.023624088615179062,0.2969937026500702,0.008418955840170383,Snare_drum
7d896090.wav,Cello,0.03299422189593315,0.009165190160274506,0.03734970837831497,0.0003071612154599279,0.0010531508596614003,0.12004585564136505,0.013355102390050888,0.05945219844579697,0.7249761819839478,0.0013011695118620992,Snare_drum
4bff8f32.wav,Cello,0.07006801664829254,0.009715180844068527,0.03170497342944145,0.00030688519473187625,0.00012376930681057274,0.3636503219604492,0.0038554647471755743,0.03821457922458649,0.4787338078022003,0.0036269265692681074,Snare_drum
5e5bca7a.wav,Cello,0.13529464602470398,0.009054763242602348,0.2023276537656784,0.0022423206828534603,8.607444033259526e-05,0.19860707223415375,0.006942467764019966,0.12939094007015228,0.23084989190101624,0.08520414680242538,Snare_drum
811bf309.wav,Cello,0.009641903452575207,0.04920355975627899,0.1507319062948227,0.001709630829282105,0.04355238378047943,0.0541219636797905,0.001202524290420115,0.18884742259979248,0.49639466404914856,0.00459400936961174,Snare_drum
5689818f.wav,Cello,0.013356034643948078,0.058226291090250015,0.12703020870685577,0.0029240413568913937,0.09636572003364563,0.1457279473543167,0.0005006602150388062,0.1511095017194748,0.3941217064857483,0.010637873783707619,Snare_drum
81d9f077.wav,Cello,0.03056074120104313,0.0756600871682167,0.06725141406059265,0.0009385196026414633,0.005270791705697775,0.13709276914596558,0.001064784242771566,0.2958100736141205,0.38372093439102173,0.002629831898957491,Snare_drum
00353774.wav,Cello,0.07458288222551346,0.0010595800122246146,0.02243873104453087,0.0068947793915867805,0.005652885418385267,0.16384100914001465,0.002530431840568781,0.07897982746362686,0.6071658730506897,0.03685401380062103,Snare_drum
6a210ffa.wav,Cello,0.022831151261925697,0.049837060272693634,0.06399448215961456,0.0012420592829585075,0.0023577844258397818,0.3565336763858795,0.01290871948003769,0.08466879278421402,0.4037395417690277,0.001886812737211585,Snare_drum
e97d9707.wav,Cello,0.09042368829250336,0.0045563094317913055,0.05849097669124603,0.008236761204898357,0.0034327141474932432,0.14868758618831635,0.008210238069295883,0.1883983016014099,0.4229874312877655,0.06657592207193375,Snare_drum
238b16a5.wav,Cello,0.11389094591140747,0.021270249038934708,0.20344063639640808,0.0023333874996751547,0.011308982968330383,0.5066401362419128,0.02843986079096794,0.007670080754905939,0.09736029803752899,0.007645453792065382,Flute
dc5be9d7.wav,Cello,0.006416362710297108,0.007029246538877487,0.026490919291973114,0.00015364302089437842,0.00011605089821387082,0.08770943433046341,0.0003992246347479522,0.11611770838499069,0.755084216594696,0.0004833102866541594,Snare_drum
f9653de8.wav,Cello,0.0896901860833168,0.0201411210000515,0.19546958804130554,0.0036490103229880333,9.272928582504392e-05,0.24451486766338348,0.022103233262896538,0.14355799555778503,0.24936260282993317,0.03141868859529495,Snare_drum
31dbc5c0.wav,Cello,0.02985837683081627,0.06840086728334427,0.20887896418571472,0.002744000870734453,0.15103550255298615,0.21438921988010406,0.0037006454076617956,0.1258196085691452,0.17444369196891785,0.020729105919599533,Flute
cbc8d551.wav,Cello,0.017599180340766907,0.07110283523797989,0.3061414361000061,0.020429568365216255,0.07616572082042694,0.20553642511367798,0.03983662649989128,0.11016424000263214,0.13667255640029907,0.01635144092142582,Cello
195f544d.wav,Cello,0.03519393503665924,0.045623354613780975,0.40013206005096436,0.03388317674398422,0.16505035758018494,0.14999303221702576,0.0037585606332868338,0.11789365112781525,0.03617458418011665,0.012297268956899643,Cello
22bea889.wav,Cello,0.07479346543550491,0.009225375950336456,0.15685543417930603,0.0024715072941035032,0.005712948273867369,0.5621412396430969,0.065982885658741,0.009083930402994156,0.08967601507902145,0.0240571778267622,Flute
ab8e8ae3.wav,Cello,0.05746397003531456,0.008731519803404808,0.03323442488908768,0.001170555711723864,0.0066358838230371475,0.15075655281543732,0.001150171854533255,0.07093793153762817,0.6650426387786865,0.004876409191638231,Snare_drum
e70c41d4.wav,Cello,0.03616785258054733,0.09914623200893402,0.22088320553302765,0.02542075328528881,0.17436020076274872,0.08278306573629379,0.010157344862818718,0.11332002282142639,0.21324500441551208,0.024516256526112556,Cello
125e6ccf.wav,Cello,0.024087203666567802,0.1277783364057541,0.20375791192054749,0.0030032587237656116,0.006298063788563013,0.2775333523750305,0.06347298622131348,0.048185814172029495,0.2384503334760666,0.007432739250361919,Flute
2da9e12a.wav,Cello,0.019817423075437546,0.0826842337846756,0.06879578530788422,0.0010414879070594907,0.005300244316458702,0.22840313613414764,0.007251590024679899,0.10659296065568924,0.4794365465641022,0.0006765169673599303,Snare_drum
34e4d187.wav,Cello,0.018070004880428314,0.09386060386896133,0.11552537977695465,0.0020381056237965822,0.004428743850439787,0.37037262320518494,0.04038490727543831,0.16298943758010864,0.18246743083000183,0.009862761944532394,Flute
52e54bdd.wav,Bass_drum,0.041211504489183426,0.017438389360904694,0.5666365027427673,0.008173729293048382,0.0012634715531021357,0.08079016208648682,0.008592874743044376,0.1286959946155548,0.005806755740195513,0.1413905769586563,Cello
6d21ad67.wav,Bass_drum,0.07441625744104385,0.1867377907037735,0.07885735481977463,0.011004738509654999,0.0005827091517858207,0.2584899961948395,0.008114662952721119,0.3590615689754486,0.006060663145035505,0.01667429320514202,Saxophone
ca3f3698.wav,Bass_drum,0.0022639718372374773,0.11411602050065994,0.11279238760471344,0.00879014190286398,0.00019571131269913167,0.020759593695402145,0.0007516841869801283,0.7257306575775146,0.0061310529708862305,0.008468815125524998,Saxophone
aa9ae956.wav,Bass_drum,0.043668441474437714,0.00042114028474316,0.431232213973999,0.004411591682583094,2.4862074496923015e-05,0.19564218819141388,0.008403493091464043,0.15984496474266052,0.03620442375540733,0.12014666944742203,Cello
0ddb4bdf.wav,Bass_drum,0.07508016377687454,0.0014654903206974268,0.5170556902885437,0.018488964065909386,2.2939664631849155e-05,0.06700578331947327,0.01483759842813015,0.23632614314556122,0.0076191783882677555,0.062098003923892975,Cello
921eee9d.wav,Bass_drum,0.008655109442770481,0.17583860456943512,0.11180747300386429,0.004856350366026163,0.0002728545223362744,0.2495681643486023,0.0013171114260330796,0.4376918375492096,0.0014313602587208152,0.008561130613088608,Saxophone
c153f347.wav,Bass_drum,0.0019585939589887857,0.11000934988260269,0.12590518593788147,0.012861083261668682,0.0005601488519459963,0.06208039075136185,0.00375203974545002,0.6579979658126831,0.011302669532597065,0.01357254944741726,Saxophone
63e0ab2c.wav,Bass_drum,0.035494349896907806,0.010204953141510487,0.4518049955368042,0.017244720831513405,0.00011610564979491755,0.10168968886137009,0.020915744826197624,0.29243963956832886,0.011040196754038334,0.059049613773822784,Cello
88780eac.wav,Bass_drum,0.045771416276693344,0.09044075012207031,0.2123936116695404,0.017676638439297676,0.000407283689128235,0.1181725338101387,0.007045223843306303,0.42583855986595154,0.049221236258745193,0.033032771199941635,Saxophone
bea51ca5.wav,Bass_drum,0.01266024075448513,0.14630326628684998,0.036866508424282074,0.0020786782260984182,0.012548583559691906,0.07706595957279205,0.000506759446579963,0.3109733462333679,0.3979112207889557,0.0030854083597660065,Snare_drum
f26131d8.wav,Bass_drum,0.015860648825764656,0.05528702959418297,0.07648772746324539,0.0029131125193089247,0.00013235201186034828,0.045647263526916504,0.00038387218955904245,0.7715561389923096,0.019107000902295113,0.012624859809875488,Saxophone
ce75b5ce.wav,Bass_drum,0.019328132271766663,0.020086776465177536,0.13126437366008759,0.013999653048813343,0.0001242156868102029,0.1747966706752777,0.0023851303849369287,0.5678382515907288,0.010897565633058548,0.059279222041368484,Saxophone
565f3ee2.wav,Bass_drum,0.022716624662280083,0.060015782713890076,0.3368276059627533,0.02894769422709942,0.00042439071694388986,0.0952366515994072,0.020297812297940254,0.3506007194519043,0.0201036985963583,0.06482900679111481,Saxophone
ff11628d.wav,Bass_drum,0.038719478994607925,0.0011079374235123396,0.5074436068534851,0.006811960134655237,6.70897716190666e-05,0.18031509220600128,0.009290529415011406,0.11266430467367172,0.0072571574710309505,0.13632279634475708,Cello
cdfc8967.wav,Bass_drum,0.08637785911560059,0.08159588277339935,0.3160436749458313,0.030202453956007957,0.0011707122903317213,0.050647933036088943,0.0036722570657730103,0.3343709409236908,0.00464066956192255,0.09127763658761978,Saxophone
f8a99b37.wav,Bass_drum,0.06907669454813004,0.0016391683602705598,0.49250999093055725,0.0047836750745773315,6.446646875701845e-05,0.14149616658687592,0.013186099007725716,0.1419552117586136,0.0071015628054738045,0.12818698585033417,Cello
809ea09e.wav,Bass_drum,0.0631457045674324,0.0010547564597800374,0.6463427543640137,0.008319194428622723,2.7228050385019742e-05,0.05591956526041031,0.014677220955491066,0.08550147712230682,0.008477402850985527,0.1165347471833229,Cello
03fc1f96.wav,Bass_drum,0.022035086527466774,0.030291084200143814,0.07615145295858383,0.0035635505337268114,0.0002933858195319772,0.3625538945198059,0.007739803288131952,0.3631719648838043,0.12894253432750702,0.005257255397737026,Saxophone
8b6a16de.wav,Bass_drum,0.0038665125612169504,0.14124943315982819,0.10251037031412125,0.005967107601463795,0.0001804044732125476,0.018808433786034584,0.0008350943680852652,0.7187439203262329,0.004671595059335232,0.0031672222539782524,Saxophone
7dda9dc2.wav,Bass_drum,0.0015921478625386953,0.11314734816551208,0.027992472052574158,0.0021208671387284994,7.110375008778647e-06,0.003868516068905592,5.72276403545402e-05,0.8086044788360596,0.04205958917737007,0.0005502402782440186,Saxophone
3a9085ca.wav,Bass_drum,0.0034658447839319706,0.04010526463389397,0.18723933398723602,0.008567878976464272,0.005888083484023809,0.044233571738004684,0.004053368233144283,0.691711962223053,0.007089011371135712,0.007645740173757076,Saxophone
4ba2b70e.wav,Bass_drum,0.01841386780142784,0.015545743517577648,0.0984351858496666,0.005644410382956266,0.00013056884927209467,0.04031519219279289,0.0017210765508934855,0.7349268794059753,0.007469844073057175,0.0773971825838089,Saxophone
01c2f88b.wav,Bass_drum,0.06462060660123825,0.030072787776589394,0.3335609436035156,0.011108695529401302,5.0343587645329535e-05,0.08977695554494858,0.004133863840252161,0.3485364019870758,0.007053472567349672,0.11108595132827759,Saxophone
ce3f3400.wav,Bass_drum,0.03389161452651024,0.038655415177345276,0.29860028624534607,0.0024097843561321497,5.548564513446763e-05,0.2839077115058899,0.0035179441329091787,0.25335270166397095,0.0576012022793293,0.028007872402668,Cello
6a96272b.wav,Bass_drum,0.0173833929002285,0.04206565022468567,0.12263064086437225,0.009624377824366093,0.0005551622598432004,0.1304055154323578,0.0021236538887023926,0.5388278961181641,0.026271184906363487,0.11011253297328949,Saxophone
9adffd44.wav,Bass_drum,0.0008517930982634425,0.23542599380016327,0.04778755083680153,0.005492123309522867,0.0001282726152567193,0.018858250230550766,0.0003425842442084104,0.6807350516319275,0.008521102368831635,0.0018571749096736312,Saxophone
7d11b3b4.wav,Bass_drum,0.00863359309732914,0.028887096792459488,0.1452588140964508,0.016797026619315147,0.0001336272689513862,0.21711929142475128,0.0022398207802325487,0.5220811367034912,0.03139056637883186,0.027459030970931053,Saxophone
bab98261.wav,Bass_drum,0.0027293458115309477,0.1599540412425995,0.0599990077316761,0.023684846237301826,0.00029724708292633295,0.192800834774971,0.0022921632044017315,0.5409561991691589,0.007326243445277214,0.009960070252418518,Saxophone
c11bacda.wav,Bass_drum,0.00972111988812685,0.03578723594546318,0.3705780804157257,0.008295233361423016,5.694933861377649e-05,0.07547648251056671,0.0024677326437085867,0.4625975489616394,0.023831801488995552,0.011187772266566753,Saxophone
9a4bfb69.wav,Bass_drum,0.031244952231645584,0.019350916147232056,0.2757726311683655,0.017559031024575233,0.00014799731434322894,0.13064329326152802,0.009761261753737926,0.3972318172454834,0.10618434101343155,0.012103802524507046,Saxophone
18865530.wav,Flute,0.07089778035879135,0.055197447538375854,0.13897454738616943,0.028487225994467735,0.017588112503290176,0.15709397196769714,0.004362751264125109,0.38775286078453064,0.0929465964436531,0.04669879376888275,Saxophone
9f6eac9c.wav,Flute,0.1528262197971344,0.007848524488508701,0.2281549870967865,0.06682240962982178,0.06528457999229431,0.12771669030189514,0.015191310085356236,0.18186382949352264,0.1310146301984787,0.02327681891620159,Cello
07db7f16.wav,Flute,0.5012574195861816,0.0034653691109269857,0.2510296106338501,0.02883744426071644,0.0005031540058553219,0.11109969764947891,0.03967064246535301,0.015254436992108822,0.005818245932459831,0.04306395351886749,Acoustic_guitar
dc6676ff.wav,Flute,0.045703474432229996,0.01767297461628914,0.05106498301029205,0.022195370867848396,0.000813377380836755,0.3413203954696655,0.009979394264519215,0.4187687933444977,0.06375439465045929,0.028726845979690552,Saxophone
3eaddda8.wav,Flute,0.06101928651332855,0.01684604585170746,0.29094383120536804,0.04498540982604027,0.13620953261852264,0.1126338317990303,0.004591260105371475,0.20024754106998444,0.11205366998910904,0.02046957239508629,Cello
1b93aeba.wav,Flute,0.07163097709417343,0.019710615277290344,0.0189846009016037,0.011514409445226192,0.003245849860832095,0.09275113791227341,0.008306455798447132,0.12879985570907593,0.6308070421218872,0.014249050058424473,Snare_drum
c683f28f.wav,Flute,0.04648617282509804,0.005587323568761349,0.5246078968048096,0.05945036932826042,0.17289498448371887,0.1641128957271576,0.0076548634096980095,0.0032251449301838875,0.0035366585943847895,0.012443652376532555,Cello
55d52a69.wav,Flute,0.22210365533828735,0.0005581904551945627,0.10578325390815735,0.059966858476400375,0.00035221053985878825,0.2560916841030121,0.010302048176527023,0.1762101799249649,0.014992298558354378,0.15363956987857819,Flute
ca8653d2.wav,Flute,0.14759045839309692,0.008044476620852947,0.260672003030777,0.07911039143800735,0.06814994663000107,0.13433855772018433,0.00719858892261982,0.18703852593898773,0.07345964014530182,0.0343974307179451,Cello
6b27a847.wav,Flute,0.028149109333753586,0.039695847779512405,0.051418956369161606,0.013634498231112957,0.0005298571777530015,0.13372130692005157,0.0009655994363129139,0.6143465042114258,0.1000315323472023,0.017506880685687065,Saxophone
4bcc8a77.wav,Flute,0.010979404672980309,0.17052088677883148,0.20285288989543915,0.010236223228275776,0.09251613169908524,0.05736821889877319,0.001401167712174356,0.018122520297765732,0.4292749762535095,0.006727639585733414,Snare_drum
84f5b84b.wav,Flute,0.005365570541471243,0.010563802905380726,0.5969792008399963,0.016367778182029724,0.27449843287467957,0.08432713150978088,0.0002198505972046405,0.0002978309348691255,0.004519629292190075,0.006860780995339155,Cello
5d73ee6f.wav,Flute,0.10794446617364883,0.012042636051774025,0.27263143658638,0.06864898651838303,0.07995511591434479,0.1492679864168167,0.01751411333680153,0.21080158650875092,0.055047087371349335,0.026146596297621727,Cello
5d040c3b.wav,Flute,0.012544231489300728,0.004239434842020273,0.3116036057472229,0.020227406173944473,0.09925515949726105,0.2556544244289398,0.0025957024190574884,0.12350896745920181,0.16759279370307922,0.002778321737423539,Cello
6a037ddf.wav,Flute,0.21481797099113464,0.007225442212074995,0.1298569291830063,0.08845525234937668,0.0032831733115017414,0.19459570944309235,0.0066660610027611256,0.2712533473968506,0.006925651803612709,0.07692044973373413,Saxophone
35e97db3.wav,Flute,0.17762231826782227,0.034365762025117874,0.2747122645378113,0.01641690544784069,0.00024998572189360857,0.0899362862110138,0.002134603913873434,0.2823948264122009,0.06800238788127899,0.05416468530893326,Saxophone
d14f5df1.wav,Flute,0.0849195122718811,0.013685631565749645,0.3139089345932007,0.055200010538101196,0.08803006261587143,0.13368472456932068,0.015512832440435886,0.19866123795509338,0.06411578506231308,0.032281309366226196,Cello
9f522cda.wav,Flute,0.1731039136648178,0.0533091202378273,0.2654997706413269,0.07533688098192215,0.009258084930479527,0.1832551509141922,0.024984145537018776,0.1351572573184967,0.0206084493547678,0.059487298130989075,Cello
fe76c972.wav,Flute,0.08265303075313568,0.009919712319970131,0.25975164771080017,0.04848988726735115,0.1543525606393814,0.10497178882360458,0.008547542616724968,0.2683749496936798,0.036405984312295914,0.02653287723660469,Saxophone
562d93f5.wav,Flute,0.11087321490049362,0.009926091879606247,0.27773699164390564,0.05029582977294922,0.08420288562774658,0.14230231940746307,0.00731782428920269,0.1882554590702057,0.09538260102272034,0.03370678424835205,Cello
fa32109e.wav,Flute,0.17415429651737213,0.010212576948106289,0.22341981530189514,0.042645413428545,0.06623478978872299,0.11437558382749557,0.01195649802684784,0.2859138250350952,0.04056694731116295,0.03052024357020855,Saxophone
b4b2b68d.wav,Flute,0.03228386491537094,0.02631475403904915,0.3006223142147064,0.021071795374155045,0.14850717782974243,0.09633784741163254,0.0017607328481972218,0.06531817466020584,0.2861787974834442,0.021604621782898903,Cello
af227d6f.wav,Flute,0.08584197610616684,0.01438653003424406,0.4049752354621887,0.04170795530080795,0.11552345007658005,0.12244578450918198,0.02602236159145832,0.13260668516159058,0.03192615136504173,0.02456384152173996,Cello
85d6a7d2.wav,Flute,0.07912079244852066,0.02030573971569538,0.3941583037376404,0.032607562839984894,0.19505377113819122,0.08722507953643799,0.021705929189920425,0.13204079866409302,0.01882869563996792,0.018953360617160797,Cello
3707da71.wav,Flute,0.18607206642627716,0.012833387590944767,0.3328149914741516,0.04842372238636017,0.144962340593338,0.09507998824119568,0.0056476048193871975,0.10938063263893127,0.04030047357082367,0.024484731256961823,Cello
61c914b1.wav,Flute,0.028493979945778847,0.002792030805721879,0.0626387745141983,0.03532228246331215,0.0001973967009689659,0.48413538932800293,0.0018257992342114449,0.30836933851242065,0.023291610181331635,0.05293341726064682,Flute
f5e20dce.wav,Flute,0.048047930002212524,0.009069191291928291,0.032561250030994415,0.0021326958667486906,0.0014827924314886332,0.12953698635101318,0.0007500298088416457,0.17814239859580994,0.581213653087616,0.017062930390238762,Snare_drum
b0d9849d.wav,Flute,0.13191747665405273,0.0039756931364536285,0.30173176527023315,0.04690174758434296,0.06006960570812225,0.13915887475013733,0.008189977146685123,0.18169043958187103,0.08820396661758423,0.038160379976034164,Cello
6ef82473.wav,Flute,0.05820007622241974,0.02031286433339119,0.3344793915748596,0.06291513890028,0.15400446951389313,0.12147432565689087,0.013773682527244091,0.05083569884300232,0.15747156739234924,0.026532841846346855,Cello
8986cced.wav,Flute,0.01616593822836876,0.00024859976838342845,0.009750529192388058,0.0006510184612125158,0.0006885198527015746,0.7479034662246704,0.002586080925539136,0.03377069532871246,0.17695912718772888,0.011275986209511757,Flute
a64a3740.wav,Clarinet,0.27238601446151733,0.008088512346148491,0.29652994871139526,0.0478595532476902,0.0004194151842966676,0.18142643570899963,0.015207271091639996,0.0678057000041008,0.04133674129843712,0.06894038617610931,Cello
ad7ec8cb.wav,Clarinet,0.26052403450012207,0.006697844248265028,0.2318851500749588,0.034769609570503235,0.0003794083895627409,0.19477812945842743,0.012263424694538116,0.11062640696763992,0.06780660897493362,0.0802694708108902,Acoustic_guitar
8ee44fb5.wav,Clarinet,0.01825922168791294,0.28902679681777954,0.291450560092926,0.007304016035050154,0.0129102086648345,0.17024292051792145,0.032706066966056824,0.042987555265426636,0.12660208344459534,0.008510557003319263,Cello
7eb959ec.wav,Clarinet,0.2254829853773117,0.0008680435130372643,0.18603643774986267,0.00601973757147789,0.0038477859925478697,0.2758403718471527,0.016950320452451706,0.04400017112493515,0.21141639351844788,0.029537972062826157,Flute
e51e1770.wav,Clarinet,0.017238318920135498,0.34685584902763367,0.2775721251964569,0.010473158210515976,0.01976892165839672,0.12681043148040771,0.0354372002184391,0.025422489270567894,0.13358812034130096,0.00683338800445199,Bass_drum
3f7e6da8.wav,Clarinet,0.21750064194202423,0.0002083781291730702,0.038808900862932205,9.206913091475144e-05,1.9676556348713348e-06,0.23147816956043243,0.009742331691086292,0.0176456980407238,0.4520002603530884,0.0325215607881546,Snare_drum
3cbe9902.wav,Clarinet,0.2035931646823883,0.00535742798820138,0.15137748420238495,0.004344777204096317,0.0003195159079041332,0.21571998298168182,0.031578730791807175,0.034674644470214844,0.292201429605484,0.06083286926150322,Snare_drum
9a722e53.wav,Clarinet,0.041286446154117584,0.007945431396365166,0.3020985722541809,0.0011240970343351364,0.0031839681323617697,0.16807138919830322,0.02794087678194046,0.14361362159252167,0.2972995340824127,0.007436127867549658,Cello
19105b8a.wav,Clarinet,0.17076091468334198,0.0018926571356132627,0.43440088629722595,0.0045941476710140705,0.0011668833903968334,0.25118350982666016,0.03254755586385727,0.012021259404718876,0.06047734618186951,0.030954888090491295,Cello
1f81cc2b.wav,Clarinet,0.1578337848186493,0.00793161429464817,0.2755391597747803,0.005975159350782633,0.04856913909316063,0.22315183281898499,0.03683873265981674,0.03709568828344345,0.1804225891828537,0.026642300188541412,Cello
44c5094c.wav,Clarinet,0.04021593928337097,0.002468506107106805,0.7412080764770508,0.024918198585510254,0.11790936440229416,0.020580390468239784,0.01160524319857359,0.0017051318427547812,0.013673222623765469,0.025715956464409828,Cello
5506629f.wav,Clarinet,0.11803250014781952,0.014708445407450199,0.03779127821326256,0.0057744537480175495,9.01947496458888e-05,0.13617882132530212,0.006528720259666443,0.20284529030323029,0.42787647247314453,0.05017387866973877,Snare_drum
ddf23920.wav,Clarinet,0.016247110441327095,0.0123601658269763,0.04945683479309082,0.01653953269124031,0.00023004307877272367,0.11529440432786942,0.0006892129313200712,0.6364436745643616,0.12797099351882935,0.024768035858869553,Saxophone
2e1cd085.wav,Clarinet,0.4558548927307129,0.011641617864370346,0.21903809905052185,0.013523240573704243,0.00044258462730795145,0.1805655062198639,0.024534566327929497,0.03429240733385086,0.013151830062270164,0.04695522040128708,Acoustic_guitar
dc981a38.wav,Clarinet,0.10972296446561813,0.0055392468348145485,0.40778955817222595,0.011018093675374985,0.10639449208974838,0.19269144535064697,0.045077160000801086,0.024722395464777946,0.06282252818346024,0.0342220664024353,Cello
a053797b.wav,Clarinet,0.0038063768297433853,0.0955459251999855,0.49027225375175476,0.001136902254074812,0.058433860540390015,0.14869442582130432,0.004157673101872206,0.0628257468342781,0.1337454617023468,0.0013812477700412273,Cello
f2310f0d.wav,Clarinet,0.013963241130113602,0.11725593358278275,0.4866497218608856,0.0030405623838305473,0.06340102106332779,0.14444600045681,0.0050344024784862995,0.05109674111008644,0.093778595328331,0.021333808079361916,Cello
ce65d6b5.wav,Clarinet,0.009187709540128708,0.007402620743960142,0.1276128739118576,0.00046669604489579797,0.032366130501031876,0.4096977710723877,0.001208284986205399,0.2779514193534851,0.12714824080467224,0.006958303973078728,Flute
45de3233.wav,Clarinet,0.04149593785405159,0.007048696279525757,0.06121275946497917,0.003227951005101204,5.191370291868225e-05,0.08397375792264938,0.0016107758274301887,0.437142938375473,0.3399486243724823,0.02428663894534111,Saxophone
8916ffcd.wav,Clarinet,0.1766323447227478,0.0040596481412649155,0.6990019083023071,0.005385467782616615,0.07913517206907272,0.02261200174689293,0.002058679237961769,0.004070661962032318,0.004359873477369547,0.0026841789949685335,Cello
e43f7db2.wav,Clarinet,0.009752828627824783,0.008546290919184685,0.592875599861145,0.025116611272096634,0.3394639790058136,0.004592260345816612,0.00033147286740131676,1.9286477254354395e-05,0.012387022376060486,0.006914567667990923,Cello
3c66098d.wav,Clarinet,0.024841293692588806,0.0031675496138632298,0.05751459673047066,0.03285909444093704,0.00017988798208534718,0.48298197984695435,0.0013103748206049204,0.30790477991104126,0.024686362594366074,0.0645541325211525,Flute
ad42e493.wav,Clarinet,0.0056186639703810215,0.0627879798412323,0.5133068561553955,0.0012757303193211555,0.04360165074467659,0.16170664131641388,0.00999300554394722,0.06272509694099426,0.1378374546766281,0.0011469345772638917,Cello
740e5bb7.wav,Clarinet,0.1958930641412735,0.0014147745678201318,0.1784488409757614,0.00875628087669611,0.009655194357037544,0.28969910740852356,0.02720491588115692,0.047685928642749786,0.1997452676296234,0.04149675741791725,Flute
800b401e.wav,Clarinet,0.008754919283092022,0.00483275018632412,0.011115205474197865,0.00040735522634349763,1.9816281564999372e-05,0.037226539105176926,0.0001288456260226667,0.7790842056274414,0.15483972430229187,0.003590828273445368,Saxophone
3c713bcf.wav,Clarinet,0.1767653226852417,0.0014706120127812028,0.025577716529369354,0.0006393248913809657,1.2685477486229502e-05,0.45175617933273315,0.00436457060277462,0.04408768191933632,0.2702077031135559,0.025118175894021988,Flute
2fc00271.wav,Clarinet,0.27140292525291443,0.0029925138223916292,0.4801478981971741,0.0010425341315567493,0.0011133129009976983,0.1037127673625946,0.029842156916856766,0.031584255397319794,0.06280986219644547,0.015351701527833939,Cello
b0c06255.wav,Clarinet,0.530728280544281,0.0009204421075992286,0.3538000285625458,0.012002293020486832,0.01518276147544384,0.023250825703144073,0.02455153502523899,0.008006028831005096,0.013396485708653927,0.018161287531256676,Acoustic_guitar
71c6451f.wav,Clarinet,0.6342437267303467,0.0012608120450749993,0.022822827100753784,0.007649016100913286,0.00021035138342995197,0.08180982619524002,0.009179983288049698,0.1944962739944458,0.035901714116334915,0.012425522319972515,Acoustic_guitar
5de123c3.wav,Clarinet,0.029850387945771217,0.029894426465034485,0.551108181476593,0.009773151949048042,0.29372814297676086,0.03325682133436203,0.0032063215039670467,0.004255789332091808,0.02344599738717079,0.02148079127073288,Cello
